"DateTime","Players","Players Trend","Twitch Viewers"
"2020-12-28 20:10:00",113266,106342.97222222225,0
"2020-12-28 20:20:00",113124,106320.54212091182,397
"2020-12-28 20:30:00",113887,106295.70246944172,391
"2020-12-28 20:40:00",114605,106262.23440425064,408
"2020-12-28 20:50:00",114942,106224.21800875456,426
"2020-12-28 21:00:00",114921,106183.61402929196,405
"2020-12-28 21:10:00",113952,106141.28743884407,347
"2020-12-28 21:20:00",114440,106095.56074496204,452
"2020-12-28 21:30:00",114428,106049.03115020374,483
"2020-12-28 21:40:00",115018,105999.44772602139,462
"2020-12-28 21:50:00",115431,105947.27449545008,475
"2020-12-28 22:00:00",115459,105894.36760819296,425
"2020-12-28 22:10:00",114655,105841.23453237108,475
"2020-12-28 22:20:00",115237,105791.45739534666,509
"2020-12-28 22:30:00",115821,105738.53890265393,512
"2020-12-28 22:40:00",119265,105683.40239924022,405
"2020-12-28 22:50:00",119481,105600.59079558487,389
"2020-12-28 23:00:00",119376,105515.71302719967,344
"2020-12-28 23:10:00",118950,105426.74313271204,370
"2020-12-28 23:20:00",119068,105336.87594152629,380
"2020-12-28 23:30:00",119275,105245.0606564727,357
"2020-12-28 23:40:00",119320,105149.23952608343,367
"2020-12-28 23:50:00",117710,105048.47987406817,382
"2020-12-29 00:00:00",117197,104946.32167437508,359
"2020-12-29 00:10:00",116610,104845.28444774805,305
"2020-12-29 00:20:00",116253,104739.70146883182,294
"2020-12-29 00:30:00",116197,104634.94600218406,279
"2020-12-29 00:40:00",116142,104528.29984701182,302
"2020-12-29 00:50:00",116141,104421.58302219678,337
"2020-12-29 01:00:00",115867,104314.51471203612,334
"2020-12-29 01:10:00",115386,104206.43161301868,364
"2020-12-29 01:20:00",115504,104099.84844730755,417
"2020-12-29 01:30:00",115429,103967.76057590272,377
"2020-12-29 01:40:00",115308,103842.67402851461,504
"2020-12-29 01:50:00",115204,103719.1686771438,554
"2020-12-29 02:00:00",114862,103596.01192049333,559
"2020-12-29 02:10:00",114768,103475.10179183146,647
"2020-12-29 02:20:00",114939,103355.32288352199,789
"2020-12-29 02:30:00",114860,103235.59674944727,889
"2020-12-29 02:40:00",114743,103116.08066567559,933
"2020-12-29 02:50:00",113731,102996.02235268759,986
"2020-12-29 03:00:00",112879,102881.65709408968,1010
"2020-12-29 03:10:00",110669,102769.93927632569,1076
"2020-12-29 03:20:00",109865,102668.50950536082,1081
"2020-12-29 03:30:00",109165,102569.9157925889,1123
"2020-12-29 03:40:00",109041,102471.08979450644,1138
"2020-12-29 03:50:00",108827,102361.17518793621,969
"2020-12-29 04:00:00",105537,102234.5135929413,941
"2020-12-29 04:10:00",103660,102121.80980234014,913
"2020-12-29 04:20:00",103101,102005.73407333992,904
"2020-12-29 04:30:00",102645,101889.18786517742,884
"2020-12-29 04:40:00",102257,101770.91282940707,872
"2020-12-29 04:50:00",101937,101652.24476410414,844
"2020-12-29 05:00:00",101912,101532.98488602569,801
"2020-12-29 05:10:00",101436,101410.67946912127,774
"2020-12-29 05:20:00",101765,101285.77293642923,748
"2020-12-29 05:30:00",101951,101156.96923340515,582
"2020-12-29 05:40:00",102475,101027.7043675882,589
"2020-12-29 05:50:00",102513,100900.66435134629,617
"2020-12-29 06:00:00",102803,100778.24018555219,607
"2020-12-29 06:10:00",102658,100655.20137591363,241
"2020-12-29 06:20:00",103234,100529.98938052148,267
"2020-12-29 06:30:00",102979,100403.86344624564,225
"2020-12-29 06:40:00",102734,100280.39774150695,227
"2020-12-29 06:50:00",102439,100164.15297991152,246
"2020-12-29 07:00:00",101923,100052.68143776713,265
"2020-12-29 07:10:00",100996,99942.1778427198,258
"2020-12-29 07:20:00",100130,99834.78377446118,198
"2020-12-29 07:30:00",99324,99730.52620557492,182
"2020-12-29 07:40:00",98581,99632.30120266802,185
"2020-12-29 07:50:00",98039,99536.42584055701,183
"2020-12-29 08:00:00",97425,99442.18842913772,178
"2020-12-29 08:10:00",96069,99346.96101505774,175
"2020-12-29 08:20:00",96745,99258.97158010336,152
"2020-12-29 08:30:00",96755,99164.3247665455,146
"2020-12-29 08:40:00",96980,99068.28634323252,149
"2020-12-29 08:50:00",97094,98969.34112387856,156
"2020-12-29 09:00:00",97241,98869.82835251959,151
"2020-12-29 09:10:00",97084,98769.094910747,163
"2020-12-29 09:20:00",97803,98673.15490171788,169
"2020-12-29 09:30:00",97941,98576.11429312115,153
"2020-12-29 09:40:00",98134,98478.16589179765,185
"2020-12-29 09:50:00",98104,98380.8630488256,159
"2020-12-29 10:00:00",98115,98285.41717597179,150
"2020-12-29 10:10:00",98449,98190.03854856938,130
"2020-12-29 10:20:00",98739,98091.91945936186,142
"2020-12-29 10:30:00",99178,97990.30816663438,128
"2020-12-29 10:40:00",99547,97887.30096430107,138
"2020-12-29 10:50:00",100200,97781.69320474342,162
"2020-12-29 11:00:00",100545,97677.1900671732,129
"2020-12-29 11:10:00",100464,97572.40471894582,137
"2020-12-29 11:20:00",100827,97469.50504158226,130
"2020-12-29 11:30:00",101332,97369.40249048879,117
"2020-12-29 11:40:00",101526,97268.03446932687,121
"2020-12-29 11:50:00",101746,97133.6486707353,162
"2020-12-29 12:00:00",101846,97000.95509855742,185
"2020-12-29 12:10:00",102205,96869.56897941435,216
"2020-12-29 12:20:00",102495,96739.37041456818,219
"2020-12-29 12:30:00",102683,96608.56458664945,232
"2020-12-29 12:40:00",103076,96479.59849686157,227
"2020-12-29 12:50:00",103711,96353.13763443365,262
"2020-12-29 13:00:00",103771,96225.99423813132,299
"2020-12-29 13:10:00",104537,96099.87595599957,332
"2020-12-29 13:20:00",104992,95971.48477802343,299
"2020-12-29 13:30:00",105334,95844.5131672094,228
"2020-12-29 13:40:00",106004,95720.35079982465,231
"2020-12-29 13:50:00",106332,95597.51240567757,238
"2020-12-29 14:00:00",106807,95478.71020078554,259
"2020-12-29 14:10:00",107171,95358.14418854167,260
"2020-12-29 14:20:00",107780,95236.86215875307,285
"2020-12-29 14:30:00",108087,95115.59393443246,293
"2020-12-29 14:40:00",107841,94993.24213035067,292
"2020-12-29 14:50:00",108304,94873.45794523333,289
"2020-12-29 15:00:00",108474,94750.20637652939,325
"2020-12-29 15:10:00",108183,94626.48490685281,358
"2020-12-29 15:20:00",108066,94504.47194359955,396
"2020-12-29 15:30:00",107090,94383.55186759336,423
"2020-12-29 15:40:00",105376,94270.44636174616,425
"2020-12-29 15:50:00",104807,94167.78246204327,416
"2020-12-29 16:00:00",104274,94069.2869094813,331
"2020-12-29 16:10:00",103526,93972.20025600628,341
"2020-12-29 16:20:00",102138,93880.7700856228,341
"2020-12-29 16:30:00",102238,93799.4212121395,329
"2020-12-29 16:40:00",102339,93717.07836860724,344
"2020-12-29 16:50:00",102560,93635.49635761476,337
"2020-12-29 17:00:00",102628,93543.9676994352,403
"2020-12-29 17:10:00",102647,93449.50422742774,485
"2020-12-29 17:20:00",102974,93355.3759136521,456
"2020-12-29 17:30:00",104058,93266.64522591248,475
"2020-12-29 17:40:00",105500,93176.41286879618,13223
"2020-12-29 17:50:00",106721,93086.35999414929,14983
"2020-12-29 18:00:00",107306,92995.58758797085,17270
"2020-12-29 18:10:00",108403,92906.76548366284,17295
"2020-12-29 18:20:00",109291,92818.08842186483,17316
"2020-12-29 18:30:00",109492,92728.50464247691,17323
"2020-12-29 18:40:00",109799,92641.14877863925,17323
"2020-12-29 18:50:00",109996,92556.08113384643,17276
"2020-12-29 19:00:00",110001,92472.26024714758,17306
"2020-12-29 19:10:00",,92283.54036894364,17337
"2020-12-29 19:20:00",109884,92861.7370251073,17171
"2020-12-29 19:30:00",109014,92783.63351262978,17174
"2020-12-29 19:40:00",109473,92711.00054362067,16556
"2020-12-29 19:50:00",108965,92635.82871450068,485
"2020-12-29 20:00:00",108899,92564.2229792974,500
"2020-12-29 20:10:00",109054,92481.5151759167,504
"2020-12-29 20:20:00",108490,92395.07387677563,1034
"2020-12-29 20:30:00",107904,92310.3916418896,1256
"2020-12-29 20:40:00",107897,92221.64247467235,1156
"2020-12-29 20:50:00",107837,92139.80038679656,1019
"2020-12-29 21:00:00",107665,92057.3069458209,1077
"2020-12-29 21:10:00",106128,91978.02282237634,1178
"2020-12-29 21:20:00",106484,91904.11266655652,1065
"2020-12-29 21:30:00",105935,91826.10672695734,660
"2020-12-29 21:40:00",106075,91749.99549884371,601
"2020-12-29 21:50:00",106357,91673.41643954406,608
"2020-12-29 22:00:00",106439,91599.82770344675,625
"2020-12-29 22:10:00",106028,91528.93853925778,619
"2020-12-29 22:20:00",106054,91464.29766820834,608
"2020-12-29 22:30:00",105826,91399.69918648827,635
"2020-12-29 22:40:00",105166,91326.0800985574,452
"2020-12-29 22:50:00",105061,91241.75862377492,432
"2020-12-29 23:00:00",104382,91156.10261810372,484
"2020-12-29 23:10:00",103775,91074.04124683404,531
"2020-12-29 23:20:00",103545,90992.417905517,564
"2020-12-29 23:30:00",103123,90909.77699317255,589
"2020-12-29 23:40:00",102631,90827.93623361964,586
"2020-12-29 23:50:00",100852,90748.70973048122,590
"2020-12-30 00:00:00",100552,90673.55444059025,607
"2020-12-30 00:10:00",99310,90598.75423273869,559
"2020-12-30 00:20:00",99048,90530.98553986344,504
"2020-12-30 00:30:00",98685,90466.34232876336,512
"2020-12-30 00:40:00",98584,90403.29013186874,546
"2020-12-30 00:50:00",98534,90340.14762278384,498
"2020-12-30 01:00:00",98142,90278.41942654995,502
"2020-12-30 01:10:00",97831,90219.83855026982,539
"2020-12-30 01:20:00",94131,90159.49666198659,554
"2020-12-30 01:30:00",95072,90125.11197142387,632
"2020-12-30 01:40:00",95160,90087.28207245903,638
"2020-12-30 01:50:00",95116,90050.49685469666,483
"2020-12-30 02:00:00",95082,90014.69894560074,503
"2020-12-30 02:10:00",95092,89980.2495251074,658
"2020-12-30 02:20:00",95242,89947.59962421544,764
"2020-12-30 02:30:00",95171,89916.62977645636,779
"2020-12-30 02:40:00",95079,89886.3541735492,829
"2020-12-30 02:50:00",95005,89857.37556436518,838
"2020-12-30 03:00:00",94834,89825.65892385201,823
"2020-12-30 03:10:00",94252,89796.0228154939,883
"2020-12-30 03:20:00",93944,89766.81695986126,930
"2020-12-30 03:30:00",93195,89737.82120636496,950
"2020-12-30 03:40:00",91397,89703.01375812135,988
"2020-12-30 03:50:00",89100,89670.96947610394,887
"2020-12-30 04:00:00",88156,89651.38206832948,905
"2020-12-30 04:10:00",85816,89631.52794295781,909
"2020-12-30 04:20:00",85217,89620.80276814225,914
"2020-12-30 04:30:00",84520,89610.07944471974,899
"2020-12-30 04:40:00",84083,89598.66739621187,895
"2020-12-30 04:50:00",83640,89586.14263296992,903
"2020-12-30 05:00:00",83185,89573.07813016186,888
"2020-12-30 05:10:00",82226,89559.22984115183,871
"2020-12-30 05:20:00",81894,89545.89890292917,797
"2020-12-30 05:30:00",81891,89531.28194857393,777
"2020-12-30 05:40:00",82708,89515.68318467127,763
"2020-12-30 05:50:00",83368,89496.90973598721,780
"2020-12-30 06:00:00",83546,89476.28172833387,776
"2020-12-30 06:10:00",82942,89450.52821137538,705
"2020-12-30 06:20:00",83375,89426.4814929523,575
"2020-12-30 06:30:00",83524,89412.00786669969,581
"2020-12-30 06:40:00",84393,89399.6418690122,582
"2020-12-30 06:50:00",84872,89384.1261218478,560
"2020-12-30 07:00:00",84608,89365.85294158131,538
"2020-12-30 07:10:00",84255,89350.02748871266,515
"2020-12-30 07:20:00",83960,89332.3279512168,416
"2020-12-30 07:30:00",84165,89315.78712421536,169
"2020-12-30 07:40:00",83836,89296.64751954627,192
"2020-12-30 07:50:00",83610,89276.88032017395,179
"2020-12-30 08:00:00",83018,89256.82005010458,163
"2020-12-30 08:10:00",82653,89239.66023840982,160
"2020-12-30 08:20:00",82265,89218.97201574713,171
"2020-12-30 08:30:00",81994,89198.66419584845,176
"2020-12-30 08:40:00",81718,89177.67253744078,171
"2020-12-30 08:50:00",81689,89158.3958333333,158
"2020-12-30 09:00:00",81637,89138.20516738242,152
"2020-12-30 09:10:00",82086,89117.78633961016,135
"2020-12-30 09:20:00",82580,89093.98131400725,162
"2020-12-30 09:30:00",82514,89069.99474176853,185
"2020-12-30 09:40:00",82780,89046.26635282458,178
"2020-12-30 09:50:00",83007,89023.88016875894,169
"2020-12-30 10:00:00",82945,89004.71127216164,83
"2020-12-30 10:10:00",82771,88986.78276070916,96
"2020-12-30 10:20:00",82410,88977.89198601473,111
"2020-12-30 10:30:00",82537,88981.28915455345,118
"2020-12-30 10:40:00",82359,88987.60725002752,122
"2020-12-30 10:50:00",83096,88998.32951354477,122
"2020-12-30 11:00:00",83372,89010.67382446866,148
"2020-12-30 11:10:00",83496,89023.23727425394,152
"2020-12-30 11:20:00",84187,89036.60579781962,138
"2020-12-30 11:30:00",84425,89045.67303986345,138
"2020-12-30 11:40:00",79305,89046.56645743862,124
"2020-12-30 11:50:00",79730,89077.21838178615,112
"2020-12-30 12:00:00",79934,89107.31853595417,108
"2020-12-30 12:10:00",80389,89135.65018307455,114
"2020-12-30 12:20:00",80505,89162.88851723378,118
"2020-12-30 12:30:00",80877,89192.0189544103,108
"2020-12-30 12:40:00",81523,89216.01446013652,127
"2020-12-30 12:50:00",81992,89246.38009993391,137
"2020-12-30 13:00:00",82048,89276.96909068382,138
"2020-12-30 13:10:00",82330,89305.91570999887,155
"2020-12-30 13:20:00",82910,89336.0560373307,156
"2020-12-30 13:30:00",83549,89369.06851530669,156
"2020-12-30 13:40:00",84332,89404.1986496531,171
"2020-12-30 13:50:00",85187,89445.44268252394,148
"2020-12-30 14:00:00",85273,89488.3842913776,187
"2020-12-30 14:10:00",85377,89533.30605797819,185
"2020-12-30 14:20:00",85891,89579.55737941856,189
"2020-12-30 14:30:00",86013,89624.55995347428,229
"2020-12-30 14:40:00",86060,89670.92010791763,251
"2020-12-30 14:50:00",85885,89720.18022519545,242
"2020-12-30 15:00:00",85975,89773.38404360754,233
"2020-12-30 15:10:00",85930,89830.99732958924,251
"2020-12-30 15:20:00",86097,89894.57179826008,283
"2020-12-30 15:30:00",86619,89960.8386190948,302
"2020-12-30 15:40:00",86653,90028.46335755973,307
"2020-12-30 15:50:00",86808,90098.65846960686,233
"2020-12-30 16:00:00",86585,90169.15745787906,231
"2020-12-30 16:10:00",86946,90242.0994108578,221
"2020-12-30 16:20:00",87156,90313.2593739676,240
"2020-12-30 16:30:00",87043,90376.15527612595,241
"2020-12-30 16:40:00",87199,90433.96066650146,234
"2020-12-30 16:50:00",85740,90487.02479077192,212
"2020-12-30 17:00:00",85284,90551.06669832615,271
"2020-12-30 17:10:00",85266,90620.08429000108,268
"2020-12-30 17:20:00",86268,90693.35059464815,244
"2020-12-30 17:30:00",86832,90762.41961237746,263
"2020-12-30 17:40:00",88066,90827.84748375727,253
"2020-12-30 17:50:00",89033,90887.66240639794,309
"2020-12-30 18:00:00",89722,90942.8940782953,417
"2020-12-30 18:10:00",90658,90994.80429605767,487
"2020-12-30 18:20:00",91322,91042.60490309434,461
"2020-12-30 18:30:00",91802,91088.79627106042,445
"2020-12-30 18:40:00",92417,91133.86371269681,476
"2020-12-30 18:50:00",92781,91179.6944306794,508
"2020-12-30 19:00:00",93303,91227.75171374295,516
"2020-12-30 19:10:00",93288,91487.25658655431,623
"2020-12-30 19:20:00",93797,91538.5779512168,668
"2020-12-30 19:30:00",93730,91591.5407719414,734
"2020-12-30 19:40:00",93812,91645.5639866204,725
"2020-12-30 19:50:00",93877,91702.69953749585,760
"2020-12-30 20:00:00",93035,91758.39123582201,560
"2020-12-30 20:10:00",92606,91816.76775685493,655
"2020-12-30 20:20:00",92539,91875.29119865652,675
"2020-12-30 20:30:00",91368,91932.48176825236,620
"2020-12-30 20:40:00",92572,91996.27671098996,651
"2020-12-30 20:50:00",92409,92052.63165537934,619
"2020-12-30 21:00:00",92860,92110.33493007376,626
"2020-12-30 21:10:00",92240,92166.36519243474,615
"2020-12-30 21:20:00",91983,92221.54964348637,642
"2020-12-30 21:30:00",91822,92280.80663610835,515
"2020-12-30 21:40:00",91894,92341.10883300296,462
"2020-12-30 21:50:00",92663,92402.98922888449,436
"2020-12-30 22:00:00",93122,92464.5657003634,438
"2020-12-30 22:10:00",93868,92526.87849631098,487
"2020-12-30 22:20:00",94045,92586.12807647836,490
"2020-12-30 22:30:00",93038,92643.85184038102,485
"2020-12-30 22:40:00",90610,92701.18576560952,487
"2020-12-30 22:50:00",90385,92770.88056106158,494
"2020-12-30 23:00:00",90358,92840.5781645744,462
"2020-12-30 23:10:00",89896,92905.66204850787,544
"2020-12-30 23:20:00",89617,92967.4207273428,618
"2020-12-30 23:30:00",89443,93029.6160389825,656
"2020-12-30 23:40:00",89442,93093.33193618544,600
"2020-12-30 23:50:00",88332,93156.89042368683,653
"2020-12-31 00:00:00",88234,93220.14162124216,601
"2020-12-31 00:10:00",88201,93281.63629418565,600
"2020-12-31 00:20:00",88557,93342.31303683516,527
"2020-12-31 00:30:00",88496,93396.28574771502,547
"2020-12-31 00:40:00",88407,93447.78139109131,601
"2020-12-31 00:50:00",88645,93499.14577139085,511
"2020-12-31 01:00:00",88784,93549.87838619098,495
"2020-12-31 01:10:00",88987,93599.33137870283,533
"2020-12-31 01:20:00",89630,93655.85964513825,545
"2020-12-31 01:30:00",89963,93706.56671897371,585
"2020-12-31 01:40:00",90257,93755.25493475393,586
"2020-12-31 01:50:00",90356,93796.67778190732,499
"2020-12-31 02:00:00",90572,93838.48284192274,496
"2020-12-31 02:10:00",90939,93879.31534935586,547
"2020-12-31 02:20:00",91420,93917.86956282354,696
"2020-12-31 02:30:00",91504,93953.91067200757,745
"2020-12-31 02:40:00",91470,93989.02823202297,804
"2020-12-31 02:50:00",90797,94022.27832149548,855
"2020-12-31 03:00:00",90659,94053.24640045155,775
"2020-12-31 03:10:00",90070,94081.51528603684,820
"2020-12-31 03:20:00",89839,94106.75050930519,860
"2020-12-31 03:30:00",88475,94128.723027475,855
"2020-12-31 03:40:00",87682,94155.88133878433,932
"2020-12-31 03:50:00",87089,94190.53622949019,902
"2020-12-31 04:00:00",86244,94227.86908104838,864
"2020-12-31 04:10:00",85578,94271.5495264839,847
"2020-12-31 04:20:00",85080,94318.04435772497,805
"2020-12-31 04:30:00",84316,94366.07512939107,812
"2020-12-31 04:40:00",83754,94416.50205098561,824
"2020-12-31 04:50:00",83363,94467.71176770183,742
"2020-12-31 05:00:00",82931,94517.2105839115,770
"2020-12-31 05:10:00",82274,94566.86549526488,725
"2020-12-31 05:20:00",81807,94616.13864111887,359
"2020-12-31 05:30:00",81604,94667.54111606657,355
"2020-12-31 05:40:00",81742,94714.3023414272,332
"2020-12-31 05:50:00",82141,94759.57941030727,343
"2020-12-31 06:00:00",81555,94800.79724837578,324
"2020-12-31 06:10:00",81340,94835.93407251408,289
"2020-12-31 06:20:00",83447,94877.11852356572,265
"2020-12-31 06:30:00",83739,94910.5002753001,276
"2020-12-31 06:40:00",83882,94940.35950748819,269
"2020-12-31 06:50:00",83837,94962.80547296556,264
"2020-12-31 07:00:00",83908,94991.59022960029,259
"2020-12-31 07:10:00",83103,95020.16116066514,256
"2020-12-31 07:20:00",82788,95053.7503028301,238
"2020-12-31 07:30:00",82443,95089.19656425506,235
"2020-12-31 07:40:00",81947,95128.54048975886,231
"2020-12-31 07:50:00",81693,95170.7652585068,233
"2020-12-31 08:00:00",81394,95214.68946151307,251
"2020-12-31 08:10:00",80703,95258.08763489706,247
"2020-12-31 08:20:00",80494,95302.55781989872,228
"2020-12-31 08:30:00",80269,95347.85305170139,212
"2020-12-31 08:40:00",80383,95393.8735064971,174
"2020-12-31 08:50:00",80277,95438.4452978747,167
"2020-12-31 09:00:00",80048,95480.5359541901,178
"2020-12-31 09:10:00",79969,95521.89045121684,172
"2020-12-31 09:20:00",80521,95561.50433597623,154
"2020-12-31 09:30:00",80516,95600.65595061118,155
"2020-12-31 09:40:00",80991,95640.08111028522,146
"2020-12-31 09:50:00",81871,95677.84526759168,117
"2020-12-31 10:00:00",82224,95712.31937561942,113
"2020-12-31 10:10:00",83963,95750.54978801892,113
"2020-12-31 10:20:00",86031,95787.3043235877,108
"2020-12-31 10:30:00",86918,95817.77838343792,115
"2020-12-31 10:40:00",87594,95844.123286257,122
"2020-12-31 10:50:00",88713,95869.45624105273,117
"2020-12-31 11:00:00",89027,95891.10117966082,123
"2020-12-31 11:10:00",89261,95912.82965119478,134
"2020-12-31 11:20:00",89283,95932.25739180706,134
"2020-12-31 11:30:00",89671,95951.54556904525,179
"2020-12-31 11:40:00",90167,95985.45654388281,209
"2020-12-31 11:50:00",90541,96018.56894202178,196
"2020-12-31 12:00:00",90466,96051.15029319457,184
"2020-12-31 12:10:00",90853,96085.6833292038,191
"2020-12-31 12:20:00",91354,96122.79885199867,195
"2020-12-31 12:30:00",90757,96156.30645028078,184
"2020-12-31 12:40:00",92748,96196.97397726019,186
"2020-12-31 12:50:00",93347,96232.42983977534,211
"2020-12-31 13:00:00",93333,96264.90798783171,183
"2020-12-31 13:10:00",93890,96298.12466963989,200
"2020-12-31 13:20:00",95010,96331.94000523069,208
"2020-12-31 13:30:00",96106,96366.08643045917,235
"2020-12-31 13:40:00",97976,96401.25638696177,215
"2020-12-31 13:50:00",99377,96410.9193301949,219
"2020-12-31 14:00:00",100024,96419.98094235214,212
"2020-12-31 14:10:00",100512,96429.35736703005,236
"2020-12-31 14:20:00",100946,96439.52053050323,208
"2020-12-31 14:30:00",101329,96451.48335122783,248
"2020-12-31 14:40:00",102251,96465.20359817198,203
"2020-12-31 14:50:00",102968,96478.03875536834,211
"2020-12-31 15:00:00",103932,96488.9836609404,229
"2020-12-31 15:10:00",105051,96500.41048617991,256
"2020-12-31 15:20:00",105330,96508.7982601035,269
"2020-12-31 15:30:00",105612,96518.26887870277,286
"2020-12-31 15:40:00",105993,96528.19365295672,282
"2020-12-31 15:50:00",106198,96536.87436680982,281
"2020-12-31 16:00:00",106158,96546.42522849905,306
"2020-12-31 16:10:00",105699,96554.97673026097,318
"2020-12-31 16:20:00",104460,96563.60674072237,290
"2020-12-31 16:30:00",103418,96576.52474947691,262
"2020-12-31 16:40:00",103337,96593.6029346988,272
"2020-12-31 16:50:00",104313,96619.76481114412,300
"2020-12-31 17:00:00",104946,96645.6218546966,321
"2020-12-31 17:10:00",105617,96668.6503826671,355
"2020-12-31 17:20:00",106084,96680.9832617553,349
"2020-12-31 17:30:00",106107,96688.9011466248,392
"2020-12-31 17:40:00",106426,96694.42844262745,392
"2020-12-31 17:50:00",106545,96700.84740804977,407
"2020-12-31 18:00:00",106732,96710.66232380793,417
"2020-12-31 18:10:00",107032,96719.0786188195,515
"2020-12-31 18:20:00",107364,96728.70364634952,535
"2020-12-31 18:30:00",107595,96739.07943783724,527
"2020-12-31 18:40:00",108389,96750.48510626584,498
"2020-12-31 18:50:00",109089,96761.63809740118,483
"2020-12-31 19:00:00",109298,96770.96036367142,548
"2020-12-31 19:10:00",110041,96782.79965725142,715
"2020-12-31 19:20:00",110655,96794.76401277393,698
"2020-12-31 19:30:00",111038,96807.59859872263,732
"2020-12-31 19:40:00",111610,96821.15145633741,738
"2020-12-31 19:50:00",111784,96834.70120306136,795
"2020-12-31 20:00:00",111810,96852.15199317256,846
"2020-12-31 20:10:00",111309,96869.1135268693,731
"2020-12-31 20:20:00",111305,96889.47856100652,659
"2020-12-31 20:30:00",111078,96911.58711182693,610
"2020-12-31 20:40:00",110914,96929.19216633635,584
"2020-12-31 20:50:00",110864,96950.464142165,584
"2020-12-31 21:00:00",110691,96970.13004487395,553
"2020-12-31 21:10:00",110241,96990.20939323866,590
"2020-12-31 21:20:00",110744,97016.44113396105,589
"2020-12-31 21:30:00",110917,97044.30943728668,570
"2020-12-31 21:40:00",111201,97075.66988079512,584
"2020-12-31 21:50:00",111842,97108.6012897809,588
"2020-12-31 22:00:00",112054,97141.22207080724,599
"2020-12-31 22:10:00",112195,97172.65032072463,589
"2020-12-31 22:20:00",112477,97206.54468808505,521
"2020-12-31 22:30:00",112237,97243.63550958049,525
"2020-12-31 22:40:00",112504,97290.54802609849,538
"2020-12-31 22:50:00",112101,97336.87445628238,545
"2020-12-31 23:00:00",111159,97383.50772904971,554
"2020-12-31 23:10:00",110129,97432.48137594984,492
"2020-12-31 23:20:00",109929,97486.85859211546,502
"2020-12-31 23:30:00",109951,97542.80418593771,516
"2020-12-31 23:40:00",109717,97598.45302692437,499
"2020-12-31 23:50:00",108547,97654.92457466142,541
"2021-01-01 00:00:00",107635,97709.7533930735,590
"2021-01-01 00:10:00",107241,97765.47522987562,603
"2021-01-01 00:20:00",106144,97816.4501569211,664
"2021-01-01 00:30:00",105639,97870.95446536731,506
"2021-01-01 00:40:00",105470,97927.2530007709,544
"2021-01-01 00:50:00",105410,97982.88320394236,519
"2021-01-01 01:00:00",105119,98036.74088756752,512
"2021-01-01 01:10:00",104877,98089.86463495216,496
"2021-01-01 01:20:00",104634,98139.82274804544,485
"2021-01-01 01:30:00",104503,98189.05033861917,489
"2021-01-01 01:40:00",103250,98233.9826216827,485
"2021-01-01 01:50:00",103364,98283.79536257026,464
"2021-01-01 02:00:00",103256,98332.58745595206,491
"2021-01-01 02:10:00",103031,98379.53804647073,576
"2021-01-01 02:20:00",102950,98425.66499421878,572
"2021-01-01 02:30:00",102854,98470.78533476498,621
"2021-01-01 02:40:00",102754,98516.83419364615,614
"2021-01-01 02:50:00",101623,98559.49302802564,669
"2021-01-01 03:00:00",100955,98605.28015224103,688
"2021-01-01 03:10:00",99721,98648.7568067945,660
"2021-01-01 03:20:00",99132,98693.73098364727,591
"2021-01-01 03:30:00",98429,98743.15590243373,563
"2021-01-01 03:40:00",98447,98797.74851337967,610
"2021-01-01 03:50:00",98420,98851.64051315942,615
"2021-01-01 04:00:00",98149,98903.78321495438,658
"2021-01-01 04:10:00",98077,98950.82412454585,683
"2021-01-01 04:20:00",97983,98995.87929468129,718
"2021-01-01 04:30:00",97841,99042.14097428706,667
"2021-01-01 04:40:00",97464,99089.0222373638,659
"2021-01-01 04:50:00",96731,99135.0361400177,607
"2021-01-01 05:00:00",96219,99182.39484225312,641
"2021-01-01 05:10:00",95588,99229.5604490145,321
"2021-01-01 05:20:00",95730,99279.11886080838,380
"2021-01-01 05:30:00",94907,99325.44060400844,382
"2021-01-01 05:40:00",94899,99372.64608798598,374
"2021-01-01 05:50:00",94851,99417.20627546533,363
"2021-01-01 06:00:00",92768,99458.29496338515,363
"2021-01-01 06:10:00",93038,99508.3772712257,311
"2021-01-01 06:20:00",93384,99551.36601145256,334
"2021-01-01 06:30:00",93315,99592.59096602803,328
"2021-01-01 06:40:00",92130,99631.33287908827,334
"2021-01-01 06:50:00",93337,99677.41606100654,264
"2021-01-01 07:00:00",93636,99719.37168263414,256
"2021-01-01 07:10:00",93990,99763.03421979964,230
"2021-01-01 07:20:00",94425,99805.78723433548,214
"2021-01-01 07:30:00",95081,99848.60475856188,199
"2021-01-01 07:40:00",95288,99890.75244328825,237
"2021-01-01 07:50:00",95299,99931.37890926114,232
"2021-01-01 08:00:00",95110,99971.31985051211,218
"2021-01-01 08:10:00",94608,100011.6133685718,200
"2021-01-01 08:20:00",94607,100050.93111303824,196
"2021-01-01 08:30:00",94375,100089.73788679665,214
"2021-01-01 08:40:00",94254,100128.48605605113,213
"2021-01-01 08:50:00",93736,100159.528383438,194
"2021-01-01 09:00:00",93688,100200.43075514815,139
"2021-01-01 09:10:00",93231,100241.39177953973,116
"2021-01-01 09:20:00",93691,100284.38274281469,124
"2021-01-01 09:30:00",93675,100327.65951574719,120
"2021-01-01 09:40:00",93441,100369.93098227069,130
"2021-01-01 09:50:00",93373,100412.02916116068,79
"2021-01-01 10:00:00",93504,100454.47683349851,86
"2021-01-01 10:10:00",93513,100490.98508561833,106
"2021-01-01 10:20:00",93715,100521.86694747274,150
"2021-01-01 10:30:00",93161,100548.39766407883,149
"2021-01-01 10:40:00",93381,100576.29088206142,154
"2021-01-01 10:50:00",93630,100601.7793814007,152
"2021-01-01 11:00:00",93895,100628.48372288291,177
"2021-01-01 11:10:00",93998,100654.41740309432,198
"2021-01-01 11:20:00",93896,100676.99595997133,197
"2021-01-01 11:30:00",94258,100701.17820173985,243
"2021-01-01 11:40:00",94580,100724.26335893621,250
"2021-01-01 11:50:00",94981,100747.62354090955,258
"2021-01-01 12:00:00",95382,100771.92827744738,205
"2021-01-01 12:10:00",96115,100796.75980756522,196
"2021-01-01 12:20:00",96357,100820.41635007155,206
"2021-01-01 12:30:00",96580,100847.81926549936,136
"2021-01-01 12:40:00",97253,100869.94371489921,144
"2021-01-01 12:50:00",97176,100889.20508479238,151
"2021-01-01 13:00:00",97138,100909.5433322321,183
"2021-01-01 13:10:00",97469,100929.81288542008,215
"2021-01-01 13:20:00",98349,100949.53534852987,221
"2021-01-01 13:30:00",98963,100966.03360037439,242
"2021-01-01 13:40:00",94422,100958.64142853208,231
"2021-01-01 13:50:00",95262,100966.01482490913,204
"2021-01-01 14:00:00",95674,100970.00017894502,210
"2021-01-01 14:10:00",96337,100973.8165193811,244
"2021-01-01 14:20:00",96966,100977.83617580662,225
"2021-01-01 14:30:00",97132,100981.41588206141,204
"2021-01-01 14:40:00",97190,100981.66814640458,185
"2021-01-01 14:50:00",96806,100977.82837104943,244
"2021-01-01 15:00:00",97035,100972.49419116837,274
"2021-01-01 15:10:00",97265,100963.1346217377,329
"2021-01-01 15:20:00",97875,100953.24645551149,366
"2021-01-01 15:30:00",97946,100941.32296140294,357
"2021-01-01 15:40:00",97904,100929.07625812135,372
"2021-01-01 15:50:00",98104,100918.37371297214,388
"2021-01-01 16:00:00",98287,100908.88950143156,418
"2021-01-01 16:10:00",98746,100903.2460425614,365
"2021-01-01 16:20:00",99102,100902.86160665125,358
"2021-01-01 16:30:00",99161,100904.33330580333,322
"2021-01-01 16:40:00",99542,100901.35159949344,320
"2021-01-01 16:50:00",99614,100893.23170630987,337
"2021-01-01 17:00:00",98995,100879.86324468671,406
"2021-01-01 17:10:00",97335,100861.85897753554,341
"2021-01-01 17:20:00",97005,100847.16766462944,372
"2021-01-01 17:30:00",96990,100834.37142109901,368
"2021-01-01 17:40:00",98035,100825.55016655655,483
"2021-01-01 17:50:00",99259,100822.10166143597,507
"2021-01-01 18:00:00",99472,100818.79682166062,522
"2021-01-01 18:10:00",100228,100817.44143679112,502
"2021-01-01 18:20:00",100847,100816.53863836585,555
"2021-01-01 18:30:00",101128,100816.77184506116,609
"2021-01-01 18:40:00",101539,100815.90921291712,642
"2021-01-01 18:50:00",101932,100812.88517233789,629
"2021-01-01 19:00:00",102135,100809.52225112876,502
"2021-01-01 19:10:00",102750,100806.20048039868,534
"2021-01-01 19:20:00",103167,100801.45314392692,508
"2021-01-01 19:30:00",103282,100794.74997935253,568
"2021-01-01 19:40:00",103684,100787.3348199538,559
"2021-01-01 19:50:00",104102,100778.59303077859,525
"2021-01-01 20:00:00",103967,100767.28165262642,338
"2021-01-01 20:10:00",104185,100755.78031053854,332
"2021-01-01 20:20:00",103819,100742.3816553794,346
"2021-01-01 20:30:00",103394,100729.4797241494,424
"2021-01-01 20:40:00",103983,100720.53322871937,419
"2021-01-01 20:50:00",103913,100711.06150203728,413
"2021-01-01 21:00:00",103628,100701.9558418677,431
"2021-01-01 21:10:00",104073,100696.82911435972,534
"2021-01-01 21:20:00",104648,100688.25931890766,525
"2021-01-01 21:30:00",105461,100681.02466688695,510
"2021-01-01 21:40:00",106160,100671.54651883058,485
"2021-01-01 21:50:00",106829,100660.90482188092,502
"2021-01-01 22:00:00",107125,100648.55031797165,492
"2021-01-01 22:10:00",107736,100637.00513434649,495
"2021-01-01 22:20:00",108154,100622.95476131488,454
"2021-01-01 22:30:00",108226,100609.51975966309,402
"2021-01-01 22:40:00",108391,100595.00073642774,461
"2021-01-01 22:50:00",108709,100582.15610202626,399
"2021-01-01 23:00:00",108746,100572.36572238746,394
"2021-01-01 23:10:00",108978,100566.61315521423,393
"2021-01-01 23:20:00",108951,100559.36996889114,312
"2021-01-01 23:30:00",109008,100550.85120030839,312
"2021-01-01 23:40:00",108962,100542.42235849582,314
"2021-01-01 23:50:00",107954,100534.05031108917,301
"2021-01-02 00:00:00",107502,100526.98833415931,288
"2021-01-02 00:10:00",106992,100518.50291129839,309
"2021-01-02 00:20:00",107130,100515.46461017514,337
"2021-01-02 00:30:00",107107,100513.83270014322,357
"2021-01-02 00:40:00",106954,100512.49252560295,372
"2021-01-02 00:50:00",106730,100510.36589445002,411
"2021-01-02 01:00:00",106565,100507.24275960802,368
"2021-01-02 01:10:00",106179,100503.10957631323,351
"2021-01-02 01:20:00",106086,100501.47485133802,360
"2021-01-02 01:30:00",106082,100501.21897368136,392
"2021-01-02 01:40:00",106080,100507.2259318908,404
"2021-01-02 01:50:00",106162,100513.34787605994,423
"2021-01-02 02:00:00",106035,100519.51408159899,441
"2021-01-02 02:10:00",106042,100524.05396569766,465
"2021-01-02 02:20:00",105815,100529.624821055,633
"2021-01-02 02:30:00",105996,100537.74638668654,712
"2021-01-02 02:40:00",105351,100543.440886191,795
"2021-01-02 02:50:00",105505,100556.88855164633,776
"2021-01-02 03:00:00",104757,100570.17893816766,802
"2021-01-02 03:10:00",104227,100588.59240447092,839
"2021-01-02 03:20:00",104243,100609.77319403156,778
"2021-01-02 03:30:00",104206,100633.27820449295,805
"2021-01-02 03:40:00",103504,100652.90007983707,818
"2021-01-02 03:50:00",102455,100668.72560841324,782
"2021-01-02 04:00:00",100214,100675.93431340167,820
"2021-01-02 04:10:00",99188,100678.95926935365,778
"2021-01-02 04:20:00",98813,100682.22004046917,804
"2021-01-02 04:30:00",98624,100684.8916074772,787
"2021-01-02 04:40:00",98273,100687.65650121137,800
"2021-01-02 04:50:00",97939,100692.0227191389,768
"2021-01-02 05:00:00",97303,100695.04492209014,826
"2021-01-02 05:10:00",96723,100699.3091069266,822
"2021-01-02 05:20:00",96494,100701.9402185883,825
"2021-01-02 05:30:00",96007,100705.77775713033,831
"2021-01-02 05:40:00",95634,100709.23365405796,783
"2021-01-02 05:50:00",95985,100714.83216330805,740
"2021-01-02 06:00:00",95929,100728.28269188419,727
"2021-01-02 06:10:00",95851,100740.74864414716,711
"2021-01-02 06:20:00",96018,100753.30276814231,263
"2021-01-02 06:30:00",96499,100768.82408325077,244
"2021-01-02 06:40:00",96163,100786.34528135671,264
"2021-01-02 06:50:00",95956,100799.01827992516,273
"2021-01-02 07:00:00",95583,100809.15709998901,276
"2021-01-02 07:10:00",94909,100813.7974135558,237
"2021-01-02 07:20:00",94337,100811.37137292151,265
"2021-01-02 07:30:00",94058,100805.96434175756,255
"2021-01-02 07:40:00",93510,100795.67341151858,245
"2021-01-02 07:50:00",93154,100788.27902351064,273
"2021-01-02 08:00:00",92815,100781.07719414165,228
"2021-01-02 08:10:00",91759,100771.0653493558,253
"2021-01-02 08:20:00",91550,100760.85517839447,221
"2021-01-02 08:30:00",91470,100750.39326616013,207
"2021-01-02 08:40:00",89465,100730.80660169586,205
"2021-01-02 08:50:00",91555,100727.66609541903,199
"2021-01-02 09:00:00",91847,100720.22438332783,219
"2021-01-02 09:10:00",92016,100714.93561419449,233
"2021-01-02 09:20:00",92513,100707.85680954742,248
"2021-01-02 09:30:00",92878,100701.8871269684,193
"2021-01-02 09:40:00",93524,100697.94399708183,161
"2021-01-02 09:50:00",93744,100692.33512278384,149
"2021-01-02 10:00:00",93891,100686.73686130383,146
"2021-01-02 10:10:00",94162,100682.01558198435,151
"2021-01-02 10:20:00",94568,100677.22840959145,148
"2021-01-02 10:30:00",94879,100675.53624325512,168
"2021-01-02 10:40:00",95293,100674.14810455896,166
"2021-01-02 10:50:00",95944,100674.34232876333,140
"2021-01-02 11:00:00",96109,100672.97539505558,147
"2021-01-02 11:10:00",95332,100667.3489566127,150
"2021-01-02 11:20:00",95725,100665.95812685826,152
"2021-01-02 11:30:00",95935,100664.45604146017,147
"2021-01-02 11:40:00",96299,100663.78675256028,155
"2021-01-02 11:50:00",96453,100662.68105109567,217
"2021-01-02 12:00:00",96619,100660.97421126525,167
"2021-01-02 12:10:00",97265,100659.7711568109,156
"2021-01-02 12:20:00",97720,100659.69583470981,185
"2021-01-02 12:30:00",97784,100659.25668290936,195
"2021-01-02 12:40:00",98325,100658.72921484415,158
"2021-01-02 12:50:00",98592,100659.82363588811,158
"2021-01-02 13:00:00",98777,100662.04964348639,157
"2021-01-02 13:10:00",99203,100664.79585122781,199
"2021-01-02 13:20:00",99632,100665.06944444442,169
"2021-01-02 13:30:00",100179,100665.55640210328,194
"2021-01-02 13:40:00",100854,100691.6352962229,210
"2021-01-02 13:50:00",100961,100714.67866975002,221
"2021-01-02 14:00:00",101162,100738.41924760488,160
"2021-01-02 14:10:00",101704,100761.55942352163,204
"2021-01-02 14:20:00",102488,100785.01534797928,206
"2021-01-02 14:30:00",102665,100808.78624325516,216
"2021-01-02 14:40:00",102778,100833.17619893183,240
"2021-01-02 14:50:00",102840,100860.09263847595,284
"2021-01-02 15:00:00",102910,100886.22340601256,306
"2021-01-02 15:10:00",102641,100910.03728251296,358
"2021-01-02 15:20:00",102916,100932.52086086335,297
"2021-01-02 15:30:00",103445,100955.51577469443,357
"2021-01-02 15:40:00",103957,100981.22178862462,398
"2021-01-02 15:50:00",104337,101008.38442902768,376
"2021-01-02 16:00:00",104694,101036.84857807512,381
"2021-01-02 16:10:00",104953,101064.2259731858,401
"2021-01-02 16:20:00",104612,101086.28159068387,386
"2021-01-02 16:30:00",102724,101098.5998995155,413
"2021-01-02 16:40:00",102599,101111.89048562935,409
"2021-01-02 16:50:00",102561,101124.27547902215,383
"2021-01-02 17:00:00",103372,101143.62541295015,431
"2021-01-02 17:10:00",103828,101171.67397588375,499
"2021-01-02 17:20:00",104228,101203.32230756528,529
"2021-01-02 17:30:00",104666,101237.77267784388,553
"2021-01-02 17:40:00",106140,101274.0427472195,545
"2021-01-02 17:50:00",107447,101308.84352631871,543
"2021-01-02 18:00:00",107788,101342.6877615351,533
"2021-01-02 18:10:00",108395,101375.54431642996,578
"2021-01-02 18:20:00",109389,101410.07237639031,548
"2021-01-02 18:30:00",109869,101446.42906205269,607
"2021-01-02 18:40:00",110034,101482.460577029,536
"2021-01-02 18:50:00",110394,101520.1877133576,353
"2021-01-02 19:00:00",110848,101560.01852081275,361
"2021-01-02 19:10:00",111320,101598.63193067949,377
"2021-01-02 19:20:00",111511,101637.05578267817,379
"2021-01-02 19:30:00",111686,101676.114084352,412
"2021-01-02 19:40:00",111398,101711.64466330806,406
"2021-01-02 19:50:00",111240,101745.62522024012,458
"2021-01-02 20:00:00",110154,101775.5613230922,428
"2021-01-02 20:10:00",110279,101806.67186295566,418
"2021-01-02 20:20:00",110409,101838.9895110671,397
"2021-01-02 20:30:00",110373,101873.33999559525,0
"2021-01-02 20:40:00",110876,101906.7751761921,353
"2021-01-02 20:50:00",111147,101940.83672640682,228
"2021-01-02 21:00:00",111063,101975.22077001435,212
"2021-01-02 21:10:00",110299,102003.48468643325,258
"2021-01-02 21:20:00",110509,102030.16639136663,326
"2021-01-02 21:30:00",110034,102050.49686846166,336
"2021-01-02 21:40:00",110340,102061.8155558309,363
"2021-01-02 21:50:00",110346,102070.61677541024,359
"2021-01-02 22:00:00",110305,102078.74348915322,400
"2021-01-02 22:10:00",109895,102081.80263737477,361
"2021-01-02 22:20:00",110118,102084.23304839779,371
"2021-01-02 22:30:00",109986,102084.93381097898,355
"2021-01-02 22:40:00",109739,102083.60386383662,397
"2021-01-02 22:50:00",109751,102080.60105577583,395
"2021-01-02 23:00:00",109412,102074.59842666009,415
"2021-01-02 23:10:00",108881,102064.80865956396,466
"2021-01-02 23:20:00",108359,102052.2612873032,444
"2021-01-02 23:30:00",108177,102037.51099135564,574
"2021-01-02 23:40:00",107915,102021.36437341708,583
"2021-01-02 23:50:00",106697,102004.60333388398,485
"2021-01-03 00:00:00",105904,101985.95250385423,526
"2021-01-03 00:10:00",105508,101969.09772464487,541
"2021-01-03 00:20:00",105423,101951.49730205927,528
"2021-01-03 00:30:00",105465,101934.0349906398,498
"2021-01-03 00:40:00",105259,101916.15157333994,511
"2021-01-03 00:50:00",104473,101895.1506579672,491
"2021-01-03 01:00:00",104142,101874.90479435082,459
"2021-01-03 01:10:00",104414,101858.36248761149,438
"2021-01-03 01:20:00",104612,101842.6961375399,455
"2021-01-03 01:30:00",104963,101828.61163418124,377
"2021-01-03 01:40:00",105032,101814.74673081157,449
"2021-01-03 01:50:00",105140,101801.1561226737,408
"2021-01-03 02:00:00",104041,101782.35460714679,438
"2021-01-03 02:10:00",104627,101768.38164849684,459
"2021-01-03 02:20:00",104886,101755.37727810812,505
"2021-01-03 02:30:00",105002,101741.37025795615,481
"2021-01-03 02:40:00",105191,101731.73519573835,513
"2021-01-03 02:50:00",105392,101721.3057276181,519
"2021-01-03 03:00:00",105415,101714.6700803876,539
"2021-01-03 03:10:00",104936,101707.8325074331,500
"2021-01-03 03:20:00",104736,101699.5089610175,474
"2021-01-03 03:30:00",104370,101690.01697224974,498
"2021-01-03 03:40:00",103860,101681.87742264068,439
"2021-01-03 03:50:00",102728,101673.55121269682,450
"2021-01-03 04:00:00",100445,101665.68760323751,460
"2021-01-03 04:10:00",99961,101663.41549664132,463
"2021-01-03 04:20:00",99439,101659.74491383106,469
"2021-01-03 04:30:00",99242,101655.83766242703,422
"2021-01-03 04:40:00",98843,101648.36107669858,454
"2021-01-03 04:50:00",98197,101637.94432744192,466
"2021-01-03 05:00:00",97948,101629.75167933044,457
"2021-01-03 05:10:00",97357,101621.10592858715,452
"2021-01-03 05:20:00",97029,101611.22039835919,429
"2021-01-03 05:30:00",97006,101602.9311199207,408
"2021-01-03 05:40:00",96790,101594.92880740005,405
"2021-01-03 05:50:00",96750,101585.28356596187,400
"2021-01-03 06:00:00",96891,101577.32446178835,377
"2021-01-03 06:10:00",97144,101571.01846575266,376
"2021-01-03 06:20:00",97520,101564.88069871157,375
"2021-01-03 06:30:00",97311,101554.74152075761,360
"2021-01-03 06:40:00",97501,101548.13035458646,320
"2021-01-03 06:50:00",97457,101542.35057400062,303
"2021-01-03 07:00:00",96703,101535.00427403368,278
"2021-01-03 07:10:00",94994,101523.30878344894,298
"2021-01-03 07:20:00",94886,101516.62482793746,294
"2021-01-03 07:30:00",94004,101507.53407526703,291
"2021-01-03 07:40:00",95278,101509.32483344343,286
"2021-01-03 07:50:00",95289,101511.03230646404,279
"2021-01-03 08:00:00",94838,101512.08208760047,218
"2021-01-03 08:10:00",94104,101515.25551288403,207
"2021-01-03 08:20:00",93548,101517.54568604777,186
"2021-01-03 08:30:00",93218,101519.17063787024,183
"2021-01-03 08:40:00",93180,101532.5469042506,198
"2021-01-03 08:50:00",92924,101533.71529154276,219
"2021-01-03 09:00:00",92962,101534.61376087434,201
"2021-01-03 09:10:00",92341,101531.33066980506,215
"2021-01-03 09:20:00",92595,101527.34979627792,195
"2021-01-03 09:30:00",92159,101518.91275740555,161
"2021-01-03 09:40:00",91571,101504.28058583854,159
"2021-01-03 09:50:00",91752,101490.57325046799,165
"2021-01-03 10:00:00",91755,101476.00999339277,155
"2021-01-03 10:10:00",91595,101459.20151277391,176
"2021-01-03 10:20:00",91627,101441.10048452811,182
"2021-01-03 10:30:00",91667,101421.43104421318,192
"2021-01-03 10:40:00",91944,101400.88026511396,184
"2021-01-03 10:50:00",92096,101378.23244962007,204
"2021-01-03 11:00:00",92130,101355.1585177844,156
"2021-01-03 11:10:00",92156,101336.72801728884,155
"2021-01-03 11:20:00",92770,101319.5578749587,160
"2021-01-03 11:30:00",93226,101303.7432482656,158
"2021-01-03 11:40:00",93865,101289.1146762471,154
"2021-01-03 11:50:00",94204,101275.20203584406,153
"2021-01-03 12:00:00",94740,101263.76510020922,157
"2021-01-03 12:10:00",95429,101252.32634759387,105
"2021-01-03 12:20:00",96027,101241.38446344016,108
"2021-01-03 12:30:00",96302,101231.44751404031,128
"2021-01-03 12:40:00",96837,101221.72773510628,130
"2021-01-03 12:50:00",97127,101212.09658903207,116
"2021-01-03 13:00:00",97327,101202.89621187095,138
"2021-01-03 13:10:00",97573,101192.60570834711,171
"2021-01-03 13:20:00",98217,101183.19552499728,204
"2021-01-03 13:30:00",99255,101176.2884869508,191
"2021-01-03 13:40:00",100065,101169.58480618875,196
"2021-01-03 13:50:00",100885,101166.56081378704,220
"2021-01-03 14:00:00",101038,101163.2563731968,235
"2021-01-03 14:10:00",101360,101158.76395083143,225
"2021-01-03 14:20:00",102226,101153.25495540141,227
"2021-01-03 14:30:00",102529,101148.13442214516,242
"2021-01-03 14:40:00",102794,101143.96258671954,247
"2021-01-03 14:50:00",102804,101139.66369342586,245
"2021-01-03 15:00:00",102861,101136.24038514483,249
"2021-01-03 15:10:00",102678,101133.26574716443,246
"2021-01-03 15:20:00",102156,101126.46573890543,291
"2021-01-03 15:30:00",102677,101120.846341262,327
"2021-01-03 15:40:00",103421,101116.3801894065,338
"2021-01-03 15:50:00",103975,101112.9077538267,375
"2021-01-03 16:00:00",104229,101108.25763269467,383
"2021-01-03 16:10:00",103524,101097.88606706314,325
"2021-01-03 16:20:00",102959,101088.04569293033,352
"2021-01-03 16:30:00",102634,101088.78035183353,343
"2021-01-03 16:40:00",102312,101088.75444609627,350
"2021-01-03 16:50:00",102284,101087.62035431122,326
"2021-01-03 17:00:00",102343,101080.8602576809,261
"2021-01-03 17:10:00",102782,101073.85480673937,324
"2021-01-03 17:20:00",103417,101068.04858358113,372
"2021-01-03 17:30:00",103674,101060.14409894287,318
"2021-01-03 17:40:00",104190,101046.46270372209,366
"2021-01-03 17:50:00",104670,101028.58530861142,388
"2021-01-03 18:00:00",104811,101010.50216798816,384
"2021-01-03 18:10:00",105267,100993.06043524947,409
"2021-01-03 18:20:00",106599,100978.22748733623,440
"2021-01-03 18:30:00",107430,100964.53667685282,425
"2021-01-03 18:40:00",108430,100954.7077276732,444
"2021-01-03 18:50:00",109150,100946.57334682308,483
"2021-01-03 19:00:00",109283,100936.20163665898,525
"2021-01-03 19:10:00",110142,100928.18853925783,531
"2021-01-03 19:20:00",110436,100920.26616011455,520
"2021-01-03 19:30:00",110485,100911.97182303714,508
"2021-01-03 19:40:00",110783,100907.38583305807,494
"2021-01-03 19:50:00",110903,100904.83645110673,466
"2021-01-03 20:00:00",110594,100906.86197142386,1012
"2021-01-03 20:10:00",110047,100905.17682523953,2244
"2021-01-03 20:20:00",110180,100898.23459696071,2926
"2021-01-03 20:30:00",109846,100886.7374600815,3243
"2021-01-03 20:40:00",109750,100871.98977948466,3278
"2021-01-03 20:50:00",109614,100854.8903204493,3455
"2021-01-03 21:00:00",109426,100837.28253358661,3599
"2021-01-03 21:10:00",108732,100820.25768087215,3710
"2021-01-03 21:20:00",108942,100803.89906810925,3517
"2021-01-03 21:30:00",104770,100765.12305913445,449
"2021-01-03 21:40:00",105432,100732.54837710607,357
"2021-01-03 21:50:00",105911,100702.0952813567,367
"2021-01-03 22:00:00",105855,100671.01607752452,366
"2021-01-03 22:10:00",105584,100640.76916088538,355
"2021-01-03 22:20:00",105392,100608.22656508096,447
"2021-01-03 22:30:00",105241,100575.69438938447,380
"2021-01-03 22:40:00",104884,100542.58108275525,366
"2021-01-03 22:50:00",104269,100505.95727342807,443
"2021-01-03 23:00:00",103932,100469.87964568881,462
"2021-01-03 23:10:00",103232,100433.03468780973,449
"2021-01-03 23:20:00",102140,100393.34169557321,427
"2021-01-03 23:30:00",101758,100353.4285321,464
"2021-01-03 23:40:00",101705,100315.07862570204,435
"2021-01-03 23:50:00",100370,100275.98231197007,437
"2021-01-04 00:00:00",100206,100241.96190535184,454
"2021-01-04 00:10:00",99997,100209.16848364718,429
"2021-01-04 00:20:00",99775,100175.66809822708,434
"2021-01-04 00:30:00",99704,100141.61781466799,478
"2021-01-04 00:40:00",99342,100106.60195738355,326
"2021-01-04 00:50:00",99428,100077.21679881071,368
"2021-01-04 01:00:00",99249,100048.61116617112,403
"2021-01-04 01:10:00",99143,100017.78976709612,444
"2021-01-04 01:20:00",99167,99985.92905517013,419
"2021-01-04 01:30:00",99400,99953.24193370774,435
"2021-01-04 01:40:00",99513,99920.51895441032,428
"2021-01-04 01:50:00",99494,99886.8230921705,416
"2021-01-04 02:00:00",99409,99859.34233564588,406
"2021-01-04 02:10:00",99068,99826.13999008921,417
"2021-01-04 02:20:00",98906,99790.58840573728,416
"2021-01-04 02:30:00",98991,99754.92261314836,392
"2021-01-04 02:40:00",98526,99715.0252931946,404
"2021-01-04 02:50:00",98531,99674.27761259777,381
"2021-01-04 03:00:00",98217,99631.33147505786,386
"2021-01-04 03:10:00",97466,99586.90138751242,414
"2021-01-04 03:20:00",97534,99544.78574771501,418
"2021-01-04 03:30:00",97311,99503.39723048123,421
"2021-01-04 03:40:00",96890,99462.68935827551,397
"2021-01-04 03:50:00",96109,99424.50112873032,384
"2021-01-04 04:00:00",95413,99396.94624765996,398
"2021-01-04 04:10:00",94505,99367.35051205815,358
"2021-01-04 04:20:00",93814,99337.51762608744,336
"2021-01-04 04:30:00",91541,99295.23284880522,364
"2021-01-04 04:40:00",90286,99249.70414188968,349
"2021-01-04 04:50:00",89667,99205.47167162207,320
"2021-01-04 05:00:00",89096,99159.70304068936,313
"2021-01-04 05:10:00",87982,99111.07408325077,333
"2021-01-04 05:20:00",87019,99059.40375509307,323
"2021-01-04 05:30:00",86555,99005.75768087216,280
"2021-01-04 05:40:00",86522,98953.58760736704,314
"2021-01-04 05:50:00",86784,98903.2252918181,286
"2021-01-04 06:00:00",86751,98851.36078763352,302
"2021-01-04 06:10:00",86295,98794.88057482654,429
"2021-01-04 06:20:00",86378,98736.83762801453,480
"2021-01-04 06:30:00",86509,98680.72593877325,495
"2021-01-04 06:40:00",86560,98623.44889742316,507
"2021-01-04 06:50:00",86724,98567.29919612376,516
"2021-01-04 07:00:00",86678,98515.36605963,548
"2021-01-04 07:10:00",86513,98473.22324083249,530
"2021-01-04 07:20:00",86891,98434.24130740005,478
"2021-01-04 07:30:00",86589,98398.49509965861,486
"2021-01-04 07:40:00",86400,98353.55166005944,489
"2021-01-04 07:50:00",86278,98307.81837077413,501
"2021-01-04 08:00:00",85972,98263.0150520317,414
"2021-01-04 08:10:00",85814,98222.10356788899,173
"2021-01-04 08:20:00",85636,98183.67224837572,170
"2021-01-04 08:30:00",85887,98149.05924457657,145
"2021-01-04 08:40:00",86185,98116.26802527253,157
"2021-01-04 08:50:00",86620,98087.55563814555,183
"2021-01-04 09:00:00",86696,98058.5714610175,175
"2021-01-04 09:10:00",86454,98031.88288734721,203
"2021-01-04 09:20:00",86619,98004.77549278713,148
"2021-01-04 09:30:00",86557,97979.8522189186,156
"2021-01-04 09:40:00",86734,97959.88881318133,170
"2021-01-04 09:50:00",86845,97939.22764563373,174
"2021-01-04 10:00:00",86920,97918.85819981276,173
"2021-01-04 10:10:00",87293,97901.82548728111,198
"2021-01-04 10:20:00",87265,97883.97199509962,234
"2021-01-04 10:30:00",87207,97865.44544928969,229
"2021-01-04 10:40:00",87963,97850.05017343903,260
"2021-01-04 10:50:00",88334,97835.28576148,241
"2021-01-04 11:00:00",88492,97820.91519381123,254
"2021-01-04 11:10:00",88533,97806.43644697718,276
"2021-01-04 11:20:00",89126,97791.72916666666,238
"2021-01-04 11:30:00",89311,97774.60092500824,168
"2021-01-04 11:40:00",89696,97755.56245870498,190
"2021-01-04 11:50:00",90315,97737.93120251074,215
"2021-01-04 12:00:00",90647,97718.2864703777,225
"2021-01-04 12:10:00",91080,97696.56491575818,263
"2021-01-04 12:20:00",91511,97673.24980728996,237
"2021-01-04 12:30:00",91946,97650.50473516136,266
"2021-01-04 12:40:00",92419,97626.85765609515,285
"2021-01-04 12:50:00",92945,97604.24677898911,256
"2021-01-04 13:00:00",93060,97580.49249119041,275
"2021-01-04 13:10:00",93014,97554.62413280478,269
"2021-01-04 13:20:00",93403,97527.04148772162,280
"2021-01-04 13:30:00",93954,97495.76252615351,282
"2021-01-04 13:40:00",94418,97461.55698711598,296
"2021-01-04 13:50:00",95171,97426.36656205264,306
"2021-01-04 14:00:00",95315,97390.291054124,348
"2021-01-04 14:10:00",94379,97345.57829534194,302
"2021-01-04 14:20:00",94901,97299.39343822267,325
"2021-01-04 14:30:00",95188,97252.48315163529,315
"2021-01-04 14:40:00",95510,97205.56987115958,349
"2021-01-04 14:50:00",96222,97162.95275850678,332
"2021-01-04 15:00:00",96167,97118.78628455018,322
"2021-01-04 15:10:00",96537,97078.30446812026,354
"2021-01-04 15:20:00",96983,97043.89377546527,356
"2021-01-04 15:30:00",97298,97007.58041515254,341
"2021-01-04 15:40:00",97977,96970.44195986126,334
"2021-01-04 15:50:00",97973,96928.78431615462,371
"2021-01-04 16:00:00",98034,96885.74227783286,371
"2021-01-04 16:10:00",98853,96852.87561942519,383
"2021-01-04 16:20:00",99572,96827.83754542451,383
"2021-01-04 16:30:00",99542,96804.04217597183,388
"2021-01-04 16:40:00",98159,96773.02657333996,429
"2021-01-04 16:50:00",96974,96735.45697059798,402
"2021-01-04 17:00:00",96850,96697.74306243808,425
"2021-01-04 17:10:00",97081,96658.6591922696,409
"2021-01-04 17:20:00",96715,96612.44052830087,453
"2021-01-04 17:30:00",96738,96564.89472525055,443
"2021-01-04 17:40:00",97778,96520.81183927985,461
"2021-01-04 17:50:00",99100,96481.37026483871,434
"2021-01-04 18:00:00",100621,96449.99217459533,436
"2021-01-04 18:10:00",101645,96420.94259993396,463
"2021-01-04 18:20:00",102103,96384.83104146022,331
"2021-01-04 18:30:00",101915,96341.20443783727,340
"2021-01-04 18:40:00",102459,96294.55296085235,366
"2021-01-04 18:50:00",102788,96244.58908710496,309
"2021-01-04 19:00:00",102928,96194.25980068276,333
"2021-01-04 19:10:00",103216,96139.76651800463,383
"2021-01-04 19:20:00",103796,96086.86676852772,345
"2021-01-04 19:30:00",104003,96034.39257790995,328
"2021-01-04 19:40:00",104604,95983.71983399408,324
"2021-01-04 19:50:00",104604,95931.53554123997,327
"2021-01-04 20:00:00",104488,95880.60216385864,306
"2021-01-04 20:10:00",98537,95792.20911793858,332